{
    "base_channels": 256,
    "dropout_p": 0.2559731987459356,
    "lr": 0.00040421320569686547,
    "batch_size": 32,
    "duration": 1.0,
    "time_stretch_rate": 0.9721358579805099,
    "pitch_shift_semitones": 0,
    "shift_prob": 0.46048268006198045,
    "n_fft": 512,
    "hop_length": 256
}