{
    "base_channels": 192,
    "dropout_p": 0.22620145322886587,
    "lr": 0.00018667743960289472,
    "batch_size": 16,
    "duration": 1.0,
    "time_stretch_rate": 0.9772527912389418,
    "pitch_shift_semitones": 2,
    "shift_prob": 0.29129477956286975,
    "n_fft": 512,
    "hop_length": 256
}