{
    "base_channels": 64,
    "dropout_p": 0.3558123021535486,
    "lr": 0.0001242828359531533,
    "batch_size": 16,
    "duration": 1.0,
    "time_stretch_rate": 0.9440158007545212,
    "pitch_shift_semitones": 0,
    "shift_prob": 0.25166504276683854,
    "n_fft": 1024,
    "hop_length": 256
}