{
    "base_channels": 192,
    "dropout_p": 0.2209714349243651,
    "lr": 0.00020501832036600047,
    "batch_size": 64,
    "duration": 1.0,
    "time_stretch_rate": 0.977226579320291,
    "pitch_shift_semitones": 0,
    "shift_prob": 0.22070060298525024,
    "n_fft": 512,
    "hop_length": 512
}