{
    "base_channels": 96,
    "dropout_p": 0.20257587350152742,
    "lr": 0.0001381277746252182,
    "batch_size": 16,
    "duration": 1.0,
    "time_stretch_rate": 0.961138964729145,
    "pitch_shift_semitones": 0,
    "shift_prob": 0.2275465818751845,
    "n_fft": 1024,
    "hop_length": 512
}