{
    "base_channels": 64,
    "dropout_p": 0.37681971058015595,
    "lr": 0.0003475853198718959,
    "batch_size": 16,
    "duration": 1.0,
    "time_stretch_rate": 1.02600629886896,
    "pitch_shift_semitones": 0,
    "shift_prob": 0.3291916857010302,
    "n_fft": 512,
    "hop_length": 512
}