{
    "decision_tree": {
        "accuracy": 0.17575757575757575,
        "f1": 0.17025711838079702,
        "params": {
            "batch_size": 16,
            "duration": 2.0,
            "time_stretch_rate": 1.0093420558686559,
            "pitch_shift_semitones": -2,
            "shift_prob": 0.49087538832936756,
            "n_fft": 512,
            "hop_length": 256,
            "max_depth": 8,
            "min_samples_split": 2,
            "min_samples_leaf": 4,
            "criterion": "log_loss"
        }
    },
    "random_forest": {
        "accuracy": 0.34967320261437906,
        "f1": 0.2976336316241313,
        "params": {
            "batch_size": 16,
            "duration": 1.0,
            "time_stretch_rate": 0.9949928511965557,
            "pitch_shift_semitones": -1,
            "shift_prob": 0.4465363524434839,
            "n_fft": 512,
            "hop_length": 256,
            "n_estimators": 143,
            "max_depth": 15,
            "min_samples_split": 7,
            "min_samples_leaf": 8,
            "criterion": "gini"
        }
    },
    "xgboost": {
        "accuracy": 0.36363636363636365,
        "f1": 0.33894925064303055,
        "params": {
            "batch_size": 8,
            "duration": 2.0,
            "time_stretch_rate": 0.9670429734508883,
            "pitch_shift_semitones": 1,
            "shift_prob": 0.4029129402210932,
            "n_fft": 1024,
            "hop_length": 512,
            "n_estimators": 294,
            "learning_rate": 0.2859868798819305,
            "max_depth": 10,
            "subsample": 0.6820735360409061,
            "colsample_bytree": 0.5075061589059534
        }
    }
}