train_loss,train_acc,val_loss,val_acc,train_f1,val_f1
2.0727999272134987,0.2116820377689943,2.1232802377524953,0.20567375886524822,0.14773893356323242,0.0701710507273674
2.039586062906707,0.23891084760649978,2.0691914000409715,0.20567375886524822,0.1408911645412445,0.07578326016664505
2.011948957954209,0.24462011418533158,2.2796892358901655,0.20567375886524822,0.16742603480815887,0.07746154069900513
2.0008047966251366,0.24418093983311376,2.075112405398213,0.19858156028368795,0.17021751403808594,0.12474891543388367
1.9681228793499812,0.2639437856829161,2.8446369221869934,0.1950354609929078,0.2059607058763504,0.12934361398220062
1.9569728527353896,0.26174791392182695,2.061475136601333,0.1702127659574468,0.19505104422569275,0.10603909194469452
1.9382158011577608,0.2902942468159859,2.2479866176632277,0.2198581560283688,0.2367490530014038,0.16982537508010864
