train_loss,train_acc,val_loss,val_acc,train_f1,val_f1
1.3575072632726843,0.37579617834394907,1.3517891473548358,0.3875968992248062,0.3582555055618286,0.36807531118392944
1.218441376260891,0.46178343949044587,1.132004042928533,0.5038759689922481,0.4456694722175598,0.5007750988006592
1.0944398940242273,0.5201698513800425,1.9312805122183274,0.20930232558139536,0.5157260298728943,0.1638837605714798
1.0325631189245075,0.5679405520169851,1.1730085103086723,0.46511627906976744,0.5650969743728638,0.43950381875038147
0.9059455347921691,0.6252653927813163,1.1640325313390687,0.5271317829457365,0.6235960721969604,0.4946642220020294
0.8746859194619894,0.6358811040339702,1.1748746522637301,0.5193798449612403,0.6356820464134216,0.5093476176261902
0.8101909630111321,0.6836518046709129,1.37972789124925,0.5193798449612403,0.6815119385719299,0.48429766297340393
