test_loss,test_acc,test_f1
1.4556004362106323,0.536,0.5407931208610535
