test_loss,test_acc,test_f1
1.9827691495808122,0.19934640522875818,0.1411646157503128
