test_loss,test_acc,test_f1
0.9987510731459055,0.6079638752052545,0.6071951389312744
