test_loss,test_acc,test_f1
1.900680938720703,0.312,0.2587134838104248
