test_loss,test_acc,test_f1
1.8875643253326415,0.304,0.2690677046775818
