test_loss,test_acc,test_f1
1.365179794193596,0.5483870967741935,0.5150265693664551
