test_loss,test_acc,test_f1
1.3183150919534827,0.5720430107526882,0.5356441736221313
