test_loss,test_acc,test_f1
1.4120763414649553,0.5365591397849462,0.49869173765182495
