test_loss,test_acc,test_f1
1.2651537479892854,0.6172043010752688,0.5799233317375183
