test_loss,test_acc,test_f1
1.2589379941263505,0.6129032258064516,0.5743354558944702
