test_loss,test_acc,test_f1
1.2724456264126685,0.6172043010752688,0.5796637535095215
