test_loss,test_acc,test_f1
1.268994257527013,0.6182795698924731,0.5807358026504517
