test_loss,test_acc,test_f1
1.3367880698173278,0.603225806451613,0.5684996247291565
