test_loss,test_acc,test_f1
1.4538334010108824,0.5311827956989247,0.4966600239276886
