test_loss,test_acc,test_f1
1.3601827263832091,0.5440860215053763,0.5144047737121582
