test_loss,test_acc,test_f1
1.305859370898175,0.6075268817204301,0.5728736519813538
