test_loss,test_acc,test_f1
1.2653758120793168,0.6258064516129033,0.5879665613174438
