test_loss,test_acc,test_f1
1.2760045041320145,0.6161290322580645,0.578568696975708
