test_loss,test_acc,test_f1
1.4334006017254244,0.5311827956989247,0.5010924339294434
