test_loss,test_acc,test_f1
1.3331688339992236,0.5580645161290323,0.5249155759811401
