test_loss,test_acc,test_f1
1.381707202362758,0.5505376344086022,0.5167396068572998
