test_loss,test_acc,test_f1
1.314553807371406,0.610752688172043,0.5756514072418213
