test_loss,test_acc,test_f1
1.358964974649491,0.5494623655913978,0.5177450776100159
