test_loss,test_acc,test_f1
1.3294822703125657,0.6118279569892473,0.5768430829048157
