test_loss,test_acc,test_f1
1.3860796447723143,0.5408602150537635,0.5082521438598633
