test_loss,test_acc,test_f1
1.2853305919196016,0.6150537634408603,0.5779194235801697
