test_loss,test_acc,test_f1
1.3866333985841401,0.5279569892473118,0.49556827545166016
