test_loss,test_acc,test_f1
1.3294336401006226,0.6161290322580645,0.5808760523796082
