test_loss,test_acc,test_f1
1.273874968867148,0.6150537634408603,0.577363133430481
