test_loss,test_acc,test_f1
1.2925305781825895,0.6279569892473118,0.6037063002586365
