test_loss,test_acc,test_f1
1.294890727279007,0.6150537634408603,0.5767532587051392
