test_loss,test_acc,test_f1
1.3023542906648369,0.6279569892473118,0.6045324802398682
