test_loss,test_acc,test_f1
1.3241703679484707,0.6193548387096774,0.5826133489608765
