test_loss,test_acc,test_f1
1.3038307959033597,0.6172043010752688,0.5829719305038452
