test_loss,test_acc,test_f1
1.3780782927748978,0.5344086021505376,0.5017080903053284
