test_loss,test_acc,test_f1
1.3575378867887682,0.5397849462365591,0.5103920698165894
