test_loss,test_acc,test_f1
1.4321329947440855,0.5344086021505376,0.5049022436141968
