test_loss,test_acc,test_f1
1.3224729138035929,0.613978494623656,0.5816978216171265
