test_loss,test_acc,test_f1
1.2731255515929192,0.6225806451612903,0.5848519802093506
