test_loss,test_acc,test_f1
1.3075806197299753,0.6086021505376344,0.5745420455932617
