test_loss,test_acc,test_f1
1.3177914629700362,0.6086021505376344,0.5758854746818542
