test_loss,test_acc,test_f1
1.3116762868819698,0.6172043010752688,0.583005964756012
