test_loss,test_acc,test_f1
1.3114289335025253,0.6172043010752688,0.5817011594772339
