test_loss,test_acc,test_f1
1.268108711447767,0.624731182795699,0.5865926742553711
