test_loss,test_acc,test_f1
1.274028604774065,0.6161290322580645,0.5768288373947144
