test_loss,test_acc,test_f1
1.4029239636595532,0.5440860215053763,0.5048539638519287
