test_loss,test_acc,test_f1
1.2844757008296188,0.6161290322580645,0.5779561996459961
