test_loss,test_acc,test_f1
1.3056811086593136,0.6150537634408603,0.5805225968360901
