test_loss,test_acc,test_f1
1.2642865703951929,0.6225806451612903,0.5847061276435852
