test_loss,test_acc,test_f1
1.3123548917872931,0.6172043010752688,0.5819886326789856
