test_loss,test_acc,test_f1
1.2843672439616214,0.6129032258064516,0.5747219324111938
