test_loss,test_acc,test_f1
1.3991228394610908,0.5333333333333333,0.5016903877258301
