test_loss,test_acc,test_f1
1.3013676848462832,0.6182795698924731,0.5940870642662048
