test_loss,test_acc,test_f1
1.403045005183066,0.5311827956989247,0.4984089136123657
