test_loss,test_acc,test_f1
1.344547447337899,0.5709677419354838,0.5388528108596802
