test_loss,test_acc,test_f1
1.425059614642974,0.5333333333333333,0.5003042221069336
