test_loss,test_acc,test_f1
1.2812854397681452,0.621505376344086,0.583996057510376
