test_loss,test_acc,test_f1
1.3165028920737647,0.624731182795699,0.5906054973602295
