test_loss,test_acc,test_f1
1.3619321342437498,0.546236559139785,0.5121643543243408
