test_loss,test_acc,test_f1
1.2643193142388456,0.6193548387096774,0.5843576788902283
