test_loss,test_acc,test_f1
1.3627475663538902,0.546236559139785,0.5123441219329834
