test_loss,test_acc,test_f1
1.2644599376186247,0.6258064516129033,0.5893594026565552
