test_loss,test_acc,test_f1
1.2748385675491825,0.6161290322580645,0.5774672627449036
