test_loss,test_acc,test_f1
1.3824279750547102,0.5397849462365591,0.5089589953422546
