test_loss,test_acc,test_f1
1.4534133585550453,0.5225806451612903,0.48675256967544556
