test_loss,test_acc,test_f1
1.3290842577975284,0.5591397849462365,0.5238827466964722
