test_loss,test_acc,test_f1
1.2981187892216508,0.6193548387096774,0.5846899151802063
