test_loss,test_acc,test_f1
1.4606452518893827,0.524731182795699,0.5016688704490662
