test_loss,test_acc,test_f1
1.274634966799008,0.6161290322580645,0.5776650905609131
