test_loss,test_acc,test_f1
1.2735479821440994,0.6204301075268818,0.5819015502929688
