test_loss,test_acc,test_f1
1.3271319696980137,0.6053763440860215,0.5712273120880127
