test_loss,test_acc,test_f1
1.426247601996186,0.5204301075268817,0.4843308925628662
