test_loss,test_acc,test_f1
1.351913224240785,0.5731182795698925,0.5402129888534546
