test_loss,test_acc,test_f1
1.3177228578957179,0.6053763440860215,0.5707652568817139
