test_loss,test_acc,test_f1
1.3058624175287061,0.6193548387096774,0.5892546772956848
