test_loss,test_acc,test_f1
1.2747402652617423,0.613978494623656,0.5764926671981812
