test_loss,test_acc,test_f1
1.2732952405047673,0.6161290322580645,0.5779768228530884
