test_loss,test_acc,test_f1
1.2672900107599074,0.6129032258064516,0.5745468139648438
