test_loss,test_acc,test_f1
1.3139997215681178,0.603225806451613,0.5697875022888184
