test_loss,test_acc,test_f1
1.2990494564015378,0.6118279569892473,0.5725610256195068
