test_loss,test_acc,test_f1
1.320639890752813,0.6182795698924731,0.5833035707473755
