test_loss,test_acc,test_f1
1.343296439673311,0.6161290322580645,0.583213746547699
