test_loss,test_acc,test_f1
1.3566581913860896,0.5333333333333333,0.4942914545536041
