test_loss,test_acc,test_f1
1.3993757883707683,0.532258064516129,0.49864470958709717
