test_loss,test_acc,test_f1
1.2665537562421574,0.613978494623656,0.5764908194541931
