test_loss,test_acc,test_f1
1.3280152002970378,0.6172043010752688,0.5857595205307007
