test_loss,test_acc,test_f1
1.3596237324899243,0.535483870967742,0.5008137822151184
