test_loss,test_acc,test_f1
1.2861636551477575,0.6258064516129033,0.589835524559021
