test_loss,test_acc,test_f1
1.3397766913137128,0.610752688172043,0.5766300559043884
