test_loss,test_acc,test_f1
1.274271297454834,0.6204301075268818,0.5816517472267151
