test_loss,test_acc,test_f1
1.2691650785425659,0.6236559139784946,0.5842236876487732
