test_loss,test_acc,test_f1
1.2896008870934927,0.610752688172043,0.5723158717155457
