test_loss,test_acc,test_f1
1.4404343963951194,0.5290322580645161,0.4903624653816223
