test_loss,test_acc,test_f1
1.3379357170674109,0.5655913978494623,0.5285892486572266
