test_loss,test_acc,test_f1
1.3757489885053327,0.524731182795699,0.4923926591873169
