test_loss,test_acc,test_f1
1.2573437336952455,0.6204301075268818,0.5825169086456299
