test_loss,test_acc,test_f1
1.4435503205945415,0.5365591397849462,0.49961841106414795
