test_loss,test_acc,test_f1
1.4414016817205695,0.5387096774193548,0.5019947290420532
