test_loss,test_acc,test_f1
1.2787788437258814,0.6118279569892473,0.5728284120559692
