test_loss,test_acc,test_f1
1.2986084353539251,0.6150537634408603,0.5769058465957642
