test_loss,test_acc,test_f1
1.3654273307451639,0.5311827956989247,0.4974156320095062
