test_loss,test_acc,test_f1
1.2869088070366972,0.6172043010752688,0.5786402821540833
