test_loss,test_acc,test_f1
1.2992547230053972,0.6118279569892473,0.5792643427848816
