test_loss,test_acc,test_f1
1.3939785317708087,0.5311827956989247,0.4985104501247406
