test_loss,test_acc,test_f1
1.3764817351936012,0.5301075268817205,0.49483722448349
