test_loss,test_acc,test_f1
1.4292154282011011,0.513978494623656,0.4780466556549072
