test_loss,test_acc,test_f1
1.3511048878392866,0.5483870967741935,0.5110370516777039
