test_loss,test_acc,test_f1
1.318889009824363,0.6096774193548387,0.5761595368385315
