test_loss,test_acc,test_f1
1.2766144660211378,0.6193548387096774,0.5804596543312073
