test_loss,test_acc,test_f1
1.264020864937895,0.6204301075268818,0.5840904712677002
