test_loss,test_acc,test_f1
1.2952162906687748,0.6204301075268818,0.5878020524978638
