test_loss,test_acc,test_f1
1.2983791207754485,0.613978494623656,0.5791740417480469
