test_loss,test_acc,test_f1
1.3189989271343396,0.5655913978494623,0.5289453268051147
