test_loss,test_acc,test_f1
1.3038947720681466,0.6204301075268818,0.5940310955047607
