test_loss,test_acc,test_f1
1.3238570864482593,0.6150537634408603,0.5814708471298218
