test_loss,test_acc,test_f1
1.298923106860089,0.6010752688172043,0.5625045895576477
