test_loss,test_acc,test_f1
1.3243637177252001,0.5408602150537635,0.5068709254264832
