test_loss,test_acc,test_f1
1.2743879748928932,0.6172043010752688,0.57879638671875
