test_loss,test_acc,test_f1
1.279519009333785,0.6161290322580645,0.5772640705108643
