test_loss,test_acc,test_f1
1.2790267457244218,0.6225806451612903,0.5839105844497681
