test_loss,test_acc,test_f1
1.3902003930461022,0.5440860215053763,0.5112143158912659
