test_loss,test_acc,test_f1
1.2818202223829043,0.6193548387096774,0.5815144777297974
