test_loss,test_acc,test_f1
1.3277275485377158,0.6182795698924731,0.5825955271720886
