test_loss,test_acc,test_f1
1.2923901404103926,0.6150537634408603,0.5791177749633789
