test_loss,test_acc,test_f1
1.267902696260842,0.6172043010752688,0.5782758593559265
