test_loss,test_acc,test_f1
1.3242192965681834,0.5946236559139785,0.5581033825874329
