test_loss,test_acc,test_f1
1.2778056934315671,0.6225806451612903,0.5831196308135986
