test_loss,test_acc,test_f1
1.4193398114173643,0.5225806451612903,0.48990315198898315
