test_loss,test_acc,test_f1
1.4912934717311654,0.513978494623656,0.4825020432472229
