test_loss,test_acc,test_f1
1.3182883488234654,0.6161290322580645,0.580628514289856
