test_loss,test_acc,test_f1
1.2683411577696442,0.6193548387096774,0.5840868949890137
