test_loss,test_acc,test_f1
1.261152579194756,0.6150537634408603,0.5775715708732605
