test_loss,test_acc,test_f1
1.315864836272373,0.6161290322580645,0.5814104080200195
