test_loss,test_acc,test_f1
1.2812561988830566,0.6129032258064516,0.5736356377601624
