test_loss,test_acc,test_f1
1.4413698928330534,0.5172043010752688,0.485127329826355
