test_loss,test_acc,test_f1
1.2839382181885421,0.6182795698924731,0.5805701017379761
