test_loss,test_acc,test_f1
1.2671486295679564,0.6172043010752688,0.5789612531661987
