test_loss,test_acc,test_f1
1.425266166399884,0.5204301075268817,0.4896961450576782
