test_loss,test_acc,test_f1
1.259803226429929,0.6182795698924731,0.580976128578186
