test_loss,test_acc,test_f1
1.3915648983370874,0.5526881720430108,0.5168678760528564
