test_loss,test_acc,test_f1
1.3145225812030095,0.6172043010752688,0.5816283226013184
