test_loss,test_acc,test_f1
1.3094254688550067,0.613978494623656,0.5829101800918579
