test_loss,test_acc,test_f1
1.3050074279949229,0.6301075268817204,0.6103959679603577
