test_loss,test_acc,test_f1
1.3423305015410147,0.5559139784946237,0.5203909873962402
