test_loss,test_acc,test_f1
1.3122683381521574,0.6182795698924731,0.5822230577468872
