test_loss,test_acc,test_f1
1.3793278414716004,0.5419354838709678,0.5113250017166138
