test_loss,test_acc,test_f1
1.2668339124289891,0.621505376344086,0.5822482705116272
