test_loss,test_acc,test_f1
1.414376531108733,0.5290322580645161,0.4941905736923218
