test_loss,test_acc,test_f1
1.3750734015177655,0.5376344086021505,0.5020256042480469
