test_loss,test_acc,test_f1
1.3144511048511793,0.6086021505376344,0.5728110074996948
