test_loss,test_acc,test_f1
1.308370247194844,0.6161290322580645,0.585056483745575
