test_loss,test_acc,test_f1
1.3199742799164147,0.6150537634408603,0.5803189277648926
