test_loss,test_acc,test_f1
1.3268103702093965,0.6172043010752688,0.5862430930137634
