test_loss,test_acc,test_f1
1.2597685542157901,0.6236559139784946,0.5863513946533203
