test_loss,test_acc,test_f1
1.32033750267439,0.6150537634408603,0.5812618732452393
