test_loss,test_acc,test_f1
1.3154179629459175,0.6086021505376344,0.5717450380325317
