test_loss,test_acc,test_f1
1.3532137358060448,0.6010752688172043,0.5711933374404907
