test_loss,test_acc,test_f1
1.2977640872360559,0.6333333333333333,0.6268641352653503
