test_loss,test_acc,test_f1
1.2898530149972567,0.6526881720430108,0.6507351994514465
