test_loss,test_acc,test_f1
1.4224246670001297,0.6086021505376344,0.5982818603515625
