test_loss,test_acc,test_f1
1.2655180120980867,0.6537634408602151,0.6504782438278198
