test_loss,test_acc,test_f1
1.266262773768876,0.6655913978494624,0.6583198308944702
