test_loss,test_acc,test_f1
1.36299546200742,0.6,0.5657939314842224
