test_loss,test_acc,test_f1
1.3303430115824104,0.6365591397849463,0.6264962553977966
