test_loss,test_acc,test_f1
1.2689763446008004,0.6623655913978495,0.6571756601333618
