test_loss,test_acc,test_f1
1.3727952326497723,0.5989247311827957,0.5704561471939087
