test_loss,test_acc,test_f1
1.3574142275638479,0.6290322580645161,0.621231198310852
