test_loss,test_acc,test_f1
1.3272612529095782,0.6333333333333333,0.625312089920044
