test_loss,test_acc,test_f1
1.361045624620171,0.6129032258064516,0.5930912494659424
