test_loss,test_acc,test_f1
1.3561074138969504,0.5924731182795699,0.5576111078262329
