test_loss,test_acc,test_f1
1.263573358904931,0.6548387096774193,0.6523835062980652
