test_loss,test_acc,test_f1
1.3070259588860695,0.6387096774193548,0.6326335072517395
