test_loss,test_acc,test_f1
1.2738076558677098,0.6537634408602151,0.6505974531173706
