test_loss,test_acc,test_f1
1.2683307957905594,0.6516129032258065,0.6476197242736816
