test_loss,test_acc,test_f1
1.3573911102869178,0.5913978494623656,0.5562527179718018
