test_loss,test_acc,test_f1
1.3742322532079554,0.5946236559139785,0.5583600401878357
