test_loss,test_acc,test_f1
1.3510528041470435,0.6150537634408603,0.5979787707328796
