test_loss,test_acc,test_f1
1.363176538610971,0.6021505376344086,0.5787782669067383
