test_loss,test_acc,test_f1
1.3689951917176606,0.5978494623655914,0.5615729093551636
