test_loss,test_acc,test_f1
1.2920340458632156,0.6505376344086021,0.6447046995162964
