test_loss,test_acc,test_f1
1.4030383532085726,0.6301075268817204,0.6152898073196411
