test_loss,test_acc,test_f1
1.2963725659155076,0.6408602150537634,0.6333872079849243
