test_loss,test_acc,test_f1
1.2248782912249205,0.6731182795698925,0.6642123460769653
