test_loss,test_acc,test_f1
1.3639812566099627,0.6376344086021506,0.6275532841682434
