test_loss,test_acc,test_f1
1.3772183746419928,0.5956989247311828,0.5598933100700378
