test_loss,test_acc,test_f1
1.3581826815041163,0.5946236559139785,0.5594310164451599
