test_loss,test_acc,test_f1
1.2801834173099969,0.6473118279569893,0.6424295902252197
