test_loss,test_acc,test_f1
1.3778472643545878,0.6365591397849463,0.6246240735054016
