test_loss,test_acc,test_f1
1.3475002083727108,0.613978494623656,0.595908522605896
