test_loss,test_acc,test_f1
1.3485007685999717,0.6053763440860215,0.5838119387626648
