test_loss,test_acc,test_f1
1.3050060430681834,0.6397849462365591,0.6388901472091675
