test_loss,test_acc,test_f1
1.282822137750605,0.6505376344086021,0.6459910869598389
