test_loss,test_acc,test_f1
1.346106201698703,0.624731182795699,0.6180023550987244
