test_loss,test_acc,test_f1
1.3132988527256955,0.6408602150537634,0.6303843259811401
