test_loss,test_acc,test_f1
1.3029853879764517,0.646236559139785,0.6416817307472229
