test_loss,test_acc,test_f1
1.377202385215349,0.589247311827957,0.5540475845336914
