test_loss,test_acc,test_f1
1.3257565812718484,0.6473118279569893,0.6413770318031311
