test_loss,test_acc,test_f1
1.3824413284178703,0.5967741935483871,0.5612377524375916
