test_loss,test_acc,test_f1
1.3649745859125608,0.603225806451613,0.577401340007782
