test_loss,test_acc,test_f1
1.2619347898069249,0.6634408602150538,0.650995135307312
