test_loss,test_acc,test_f1
1.384703535386311,0.635483870967742,0.6319078207015991
