test_loss,test_acc,test_f1
1.3699267996415014,0.6408602150537634,0.639305591583252
