test_loss,test_acc,test_f1
1.3122302287688818,0.6483870967741936,0.6410820484161377
