test_loss,test_acc,test_f1
1.2664365497007164,0.632258064516129,0.6283481121063232
