test_loss,test_acc,test_f1
1.2787790329225601,0.6623655913978495,0.6583107113838196
