test_loss,test_acc,test_f1
1.263991521250817,0.6505376344086021,0.6455765962600708
