test_loss,test_acc,test_f1
1.351853431168423,0.6150537634408603,0.5966892242431641
