test_loss,test_acc,test_f1
1.2949712222622287,0.6494623655913978,0.64522784948349
