test_loss,test_acc,test_f1
1.2807071223133994,0.632258064516129,0.6240988969802856
