test_loss,test_acc,test_f1
1.3632855492253457,0.5935483870967742,0.5584582090377808
