test_loss,test_acc,test_f1
1.2340175044552613,0.6612903225806451,0.6542367339134216
