test_loss,test_acc,test_f1
1.365577321411461,0.6086021505376344,0.5880746245384216
