test_loss,test_acc,test_f1
1.2047191435771605,0.6516129032258065,0.6476580500602722
