test_loss,test_acc,test_f1
1.3703778364325083,0.5978494623655914,0.5647706985473633
