test_loss,test_acc,test_f1
1.2384352905135,0.6655913978494624,0.6579573154449463
