test_loss,test_acc,test_f1
1.2854681766161355,0.6408602150537634,0.6377080082893372
