test_loss,test_acc,test_f1
1.3734493470961047,0.5956989247311828,0.5640550851821899
