test_loss,test_acc,test_f1
1.383298280995379,0.6236559139784946,0.6121320724487305
