test_loss,test_acc,test_f1
1.3613088684697305,0.5978494623655914,0.569586992263794
