test_loss,test_acc,test_f1
1.3490362705722931,0.6053763440860215,0.5851374864578247
