test_loss,test_acc,test_f1
1.3613384539081204,0.5967741935483871,0.5700357556343079
