test_loss,test_acc,test_f1
1.4871341132028129,0.610752688172043,0.6011149883270264
