test_loss,test_acc,test_f1
1.2459940785361874,0.6559139784946236,0.6489788293838501
