test_loss,test_acc,test_f1
1.280427610233266,0.6505376344086021,0.6477250456809998
