test_loss,test_acc,test_f1
1.316158670154951,0.6451612903225806,0.6377156972885132
