test_loss,test_acc,test_f1
1.3844112027075983,0.5903225806451613,0.5541883111000061
