test_loss,test_acc,test_f1
1.3736188339930708,0.5913978494623656,0.555853009223938
