test_loss,test_acc,test_f1
1.27960619003542,0.6440860215053763,0.6411005258560181
