test_loss,test_acc,test_f1
1.3767156698370493,0.6010752688172043,0.578842043876648
