test_loss,test_acc,test_f1
1.2850579441234629,0.6559139784946236,0.6524831652641296
