test_loss,test_acc,test_f1
1.3960437483364536,0.6279569892473118,0.6202114224433899
