test_loss,test_acc,test_f1
1.2779688771053026,0.6419354838709678,0.6382185816764832
