test_loss,test_acc,test_f1
1.3574626450897544,0.5946236559139785,0.5613873600959778
