test_loss,test_acc,test_f1
1.3568851117164857,0.5913978494623656,0.5570273995399475
