test_loss,test_acc,test_f1
1.2960093821248702,0.6494623655913978,0.645901083946228
