test_loss,test_acc,test_f1
1.4166582299496537,0.621505376344086,0.6150694489479065
