test_loss,test_acc,test_f1
1.2619989049050115,0.6473118279569893,0.6440223455429077
