test_loss,test_acc,test_f1
1.2557877564462283,0.6516129032258065,0.6437643766403198
