test_loss,test_acc,test_f1
1.3764097777746056,0.6,0.5637633800506592
