test_loss,test_acc,test_f1
1.3167388712526649,0.6387096774193548,0.6274626851081848
