test_loss,test_acc,test_f1
1.2815878323970302,0.635483870967742,0.6288145184516907
