test_loss,test_acc,test_f1
1.2678079805066509,0.656989247311828,0.6525671482086182
