test_loss,test_acc,test_f1
1.3562499410362654,0.6021505376344086,0.578797459602356
