test_loss,test_acc,test_f1
1.258597118880159,0.656989247311828,0.6532836556434631
