test_loss,test_acc,test_f1
1.2501436661328038,0.6494623655913978,0.6387286186218262
