test_loss,test_acc,test_f1
1.3699873378199916,0.6301075268817204,0.6164906024932861
