test_loss,test_acc,test_f1
1.3583242893218994,0.5978494623655914,0.5645198822021484
