test_loss,test_acc,test_f1
1.2740634056829636,0.6559139784946236,0.6537318825721741
