test_loss,test_acc,test_f1
1.4206393999998927,0.6258064516129033,0.6207535266876221
