test_loss,test_acc,test_f1
1.2987482628354463,0.6419354838709678,0.6328893899917603
