test_loss,test_acc,test_f1
1.3671645031180433,0.5935483870967742,0.5633230805397034
