test_loss,test_acc,test_f1
1.299039295155515,0.6483870967741936,0.6431264281272888
