test_loss,test_acc,test_f1
1.3522218386332194,0.6021505376344086,0.5760912299156189
