test_loss,test_acc,test_f1
1.2724094826688048,0.6548387096774193,0.650240957736969
