test_loss,test_acc,test_f1
1.284269872275732,0.646236559139785,0.6421371698379517
