test_loss,test_acc,test_f1
1.271913524853286,0.6473118279569893,0.6436741948127747
