test_loss,test_acc,test_f1
1.3265944379311736,0.646236559139785,0.6404155492782593
