test_loss,test_acc,test_f1
1.36005918236189,0.5956989247311828,0.5611273646354675
