test_loss,test_acc,test_f1
1.3845641674533966,0.5946236559139785,0.5586697459220886
