test_loss,test_acc,test_f1
1.4027212313426438,0.6150537634408603,0.6054779291152954
