test_loss,test_acc,test_f1
1.5253031200939609,0.589247311827957,0.5766574144363403
