test_loss,test_acc,test_f1
1.2704904151219194,0.6602150537634408,0.6576985120773315
