test_loss,test_acc,test_f1
1.3809995595806388,0.6408602150537634,0.6376163363456726
