test_loss,test_acc,test_f1
1.3542967810425708,0.6290322580645161,0.6251074075698853
