test_loss,test_acc,test_f1
1.2812064581019904,0.6516129032258065,0.6498228311538696
