test_loss,test_acc,test_f1
1.3017597954760316,0.6473118279569893,0.642263650894165
