test_loss,test_acc,test_f1
1.355251678343742,0.6129032258064516,0.5917613506317139
