test_loss,test_acc,test_f1
1.278128852639147,0.6591397849462366,0.655103325843811
