test_loss,test_acc,test_f1
1.3806083704835626,0.5924731182795699,0.5606831908226013
