test_loss,test_acc,test_f1
1.2912270920251006,0.6526881720430108,0.6492582559585571
