test_loss,test_acc,test_f1
1.375747456601871,0.5870967741935483,0.5506173968315125
