test_loss,test_acc,test_f1
1.2683105332877047,0.6473118279569893,0.6426167488098145
