test_loss,test_acc,test_f1
1.3399608150605233,0.6129032258064516,0.5949413776397705
