test_loss,test_acc,test_f1
1.2948570812902143,0.6451612903225806,0.6414672136306763
