test_loss,test_acc,test_f1
1.274826225670435,0.6483870967741936,0.6456911563873291
