test_loss,test_acc,test_f1
1.298822521907027,0.6387096774193548,0.6334311962127686
