test_loss,test_acc,test_f1
1.2601117974968368,0.656989247311828,0.6532834768295288
