test_loss,test_acc,test_f1
1.2959392234843263,0.6161290322580645,0.6043198108673096
