test_loss,test_acc,test_f1
1.405698488604638,0.6172043010752688,0.6094682216644287
