test_loss,test_acc,test_f1
1.3320137993302397,0.6193548387096774,0.6097079515457153
