test_loss,test_acc,test_f1
1.3521861542937577,0.5935483870967742,0.5629321336746216
