test_loss,test_acc,test_f1
1.3779556315432313,0.5935483870967742,0.5583221912384033
