test_loss,test_acc,test_f1
1.3740888795545023,0.5956989247311828,0.5642908215522766
