test_loss,test_acc,test_f1
1.2824859408922094,0.6483870967741936,0.6424164772033691
