test_loss,test_acc,test_f1
1.3731148089132001,0.5935483870967742,0.5652005672454834
