test_loss,test_acc,test_f1
1.277148856911608,0.6505376344086021,0.6447193026542664
