test_loss,test_acc,test_f1
1.2862077518176007,0.6526881720430108,0.6497960090637207
