test_loss,test_acc,test_f1
1.4199406720777994,0.6365591397849463,0.6321709156036377
