test_loss,test_acc,test_f1
1.344417925803892,0.6043010752688172,0.5780563354492188
