test_loss,test_acc,test_f1
1.3650667287970102,0.589247311827957,0.5542464256286621
