test_loss,test_acc,test_f1
1.300648271524778,0.6505376344086021,0.6446846723556519
