test_loss,test_acc,test_f1
1.3524729569753011,0.610752688172043,0.5883688926696777
