test_loss,test_acc,test_f1
1.3633995994444816,0.5870967741935483,0.5601939558982849
