test_loss,test_acc,test_f1
1.2877468313100517,0.6440860215053763,0.6338764429092407
