test_loss,test_acc,test_f1
1.4090134808292953,0.6258064516129033,0.6128177046775818
