test_loss,test_acc,test_f1
1.276514269203268,0.6602150537634408,0.6562405824661255
