test_loss,test_acc,test_f1
1.2976695024839011,0.646236559139785,0.6433500647544861
