test_loss,test_acc,test_f1
1.261960282409063,0.6408602150537634,0.6335617303848267
