test_loss,test_acc,test_f1
1.2828499009532313,0.6451612903225806,0.64155113697052
