test_loss,test_acc,test_f1
1.371858919291727,0.6236559139784946,0.6129915714263916
