test_loss,test_acc,test_f1
1.3575475139002646,0.5989247311827957,0.5718041062355042
