test_loss,test_acc,test_f1
1.243086782402249,0.6451612903225806,0.6346506476402283
