test_loss,test_acc,test_f1
1.297682769901009,0.6494623655913978,0.6419882774353027
