test_loss,test_acc,test_f1
1.269259524345398,0.6580645161290323,0.6550323963165283
