test_loss,test_acc,test_f1
1.27279606147479,0.6537634408602151,0.6485493183135986
