test_loss,test_acc,test_f1
1.2849064688528737,0.6473118279569893,0.6426125764846802
