test_loss,test_acc,test_f1
1.2864770625227242,0.6548387096774193,0.6500581502914429
