test_loss,test_acc,test_f1
1.288277337115298,0.6193548387096774,0.6059675216674805
