test_loss,test_acc,test_f1
1.3586160116298225,0.6010752688172043,0.582364022731781
